Couple,Husband_Opinion,Wife_Opinion
Couple_1,In Favor,In Favor
Couple_2,In Favor,In Favor
Couple_3,In Favor,In Favor
Couple_4,In Favor,In Favor
Couple_5,In Favor,In Favor
Couple_6,In Favor,In Favor
Couple_7,In Favor,In Favor
Couple_8,In Favor,In Favor
Couple_9,In Favor,In Favor
Couple_10,In Favor,In Favor
Couple_11,In Favor,In Favor
Couple_12,In Favor,In Favor
Couple_13,In Favor,In Favor
Couple_14,In Favor,In Favor
Couple_15,In Favor,In Favor
Couple_16,In Favor,In Favor
Couple_17,In Favor,In Favor
Couple_18,In Favor,In Favor
Couple_19,In Favor,In Favor
Couple_20,In Favor,In Favor
Couple_21,In Favor,In Favor
Couple_22,In Favor,In Favor
Couple_23,In Favor,In Favor
Couple_24,In Favor,In Favor
Couple_25,In Favor,In Favor
Couple_26,In Favor,In Favor
Couple_27,In Favor,In Favor
Couple_28,In Favor,In Favor
Couple_29,In Favor,In Favor
Couple_30,In Favor,In Favor
Couple_31,In Favor,In Favor
Couple_32,In Favor,In Favor
Couple_33,In Favor,In Favor
Couple_34,In Favor,In Favor
Couple_35,In Favor,In Favor
Couple_36,In Favor,In Favor
Couple_37,In Favor,In Favor
Couple_38,In Favor,In Favor
Couple_39,In Favor,In Favor
Couple_40,In Favor,In Favor
Couple_41,In Favor,In Favor
Couple_42,In Favor,In Favor
Couple_43,In Favor,In Favor
Couple_44,In Favor,In Favor
Couple_45,In Favor,In Favor
Couple_46,In Favor,In Favor
Couple_47,In Favor,In Favor
Couple_48,In Favor,In Favor
Couple_49,In Favor,In Favor
Couple_50,In Favor,In Favor
Couple_51,In Favor,In Favor
Couple_52,In Favor,In Favor
Couple_53,In Favor,In Favor
Couple_54,In Favor,In Favor
Couple_55,In Favor,In Favor
Couple_56,In Favor,In Favor
Couple_57,In Favor,In Favor
Couple_58,In Favor,In Favor
Couple_59,In Favor,In Favor
Couple_60,In Favor,In Favor
Couple_61,In Favor,In Favor
Couple_62,In Favor,In Favor
Couple_63,In Favor,In Favor
Couple_64,In Favor,In Favor
Couple_65,In Favor,In Favor
Couple_66,In Favor,In Favor
Couple_67,In Favor,In Favor
Couple_68,In Favor,In Favor
Couple_69,In Favor,In Favor
Couple_70,In Favor,In Favor
Couple_71,In Favor,In Favor
Couple_72,In Favor,In Favor
Couple_73,In Favor,In Favor
Couple_74,In Favor,In Favor
Couple_75,In Favor,In Favor
Couple_76,In Favor,In Favor
Couple_77,In Favor,In Favor
Couple_78,In Favor,In Favor
Couple_79,In Favor,In Favor
Couple_80,In Favor,In Favor
Couple_81,In Favor,In Favor
Couple_82,In Favor,In Favor
Couple_83,In Favor,In Favor
Couple_84,In Favor,In Favor
Couple_85,In Favor,In Favor
Couple_86,In Favor,In Favor
Couple_87,In Favor,In Favor
Couple_88,In Favor,In Favor
Couple_89,In Favor,In Favor
Couple_90,In Favor,In Favor
Couple_91,In Favor,In Favor
Couple_92,In Favor,In Favor
Couple_93,In Favor,In Favor
Couple_94,In Favor,In Favor
Couple_95,In Favor,In Favor
Couple_96,In Favor,In Favor
Couple_97,In Favor,In Favor
Couple_98,In Favor,In Favor
Couple_99,In Favor,In Favor
Couple_100,In Favor,In Favor
Couple_101,In Favor,In Favor
Couple_102,In Favor,In Favor
Couple_103,In Favor,In Favor
Couple_104,In Favor,In Favor
Couple_105,In Favor,In Favor
Couple_106,In Favor,In Favor
Couple_107,In Favor,In Favor
Couple_108,In Favor,In Favor
Couple_109,In Favor,In Favor
Couple_110,In Favor,In Favor
Couple_111,In Favor,In Favor
Couple_112,In Favor,In Favor
Couple_113,In Favor,In Favor
Couple_114,In Favor,In Favor
Couple_115,In Favor,In Favor
Couple_116,In Favor,In Favor
Couple_117,In Favor,In Favor
Couple_118,In Favor,In Favor
Couple_119,In Favor,In Favor
Couple_120,In Favor,In Favor
Couple_121,In Favor,In Favor
Couple_122,In Favor,In Favor
Couple_123,In Favor,In Favor
Couple_124,In Favor,In Favor
Couple_125,In Favor,In Favor
Couple_126,In Favor,In Favor
Couple_127,In Favor,In Favor
Couple_128,In Favor,In Favor
Couple_129,In Favor,In Favor
Couple_130,In Favor,In Favor
Couple_131,In Favor,In Favor
Couple_132,In Favor,In Favor
Couple_133,In Favor,In Favor
Couple_134,In Favor,In Favor
Couple_135,In Favor,In Favor
Couple_136,In Favor,In Favor
Couple_137,In Favor,In Favor
Couple_138,In Favor,In Favor
Couple_139,In Favor,In Favor
Couple_140,In Favor,In Favor
Couple_141,In Favor,In Favor
Couple_142,In Favor,In Favor
Couple_143,In Favor,In Favor
Couple_144,In Favor,In Favor
Couple_145,In Favor,In Favor
Couple_146,In Favor,In Favor
Couple_147,In Favor,In Favor
Couple_148,In Favor,In Favor
Couple_149,In Favor,In Favor
Couple_150,In Favor,In Favor
Couple_151,In Favor,In Favor
Couple_152,In Favor,In Favor
Couple_153,In Favor,In Favor
Couple_154,In Favor,In Favor
Couple_155,In Favor,In Favor
Couple_156,In Favor,In Favor
Couple_157,In Favor,In Favor
Couple_158,In Favor,In Favor
Couple_159,In Favor,In Favor
Couple_160,In Favor,In Favor
Couple_161,In Favor,In Favor
Couple_162,In Favor,In Favor
Couple_163,In Favor,In Favor
Couple_164,In Favor,In Favor
Couple_165,In Favor,In Favor
Couple_166,In Favor,In Favor
Couple_167,In Favor,In Favor
Couple_168,In Favor,In Favor
Couple_169,In Favor,In Favor
Couple_170,In Favor,In Favor
Couple_171,In Favor,In Favor
Couple_172,In Favor,In Favor
Couple_173,In Favor,In Favor
Couple_174,In Favor,In Favor
Couple_175,In Favor,In Favor
Couple_176,In Favor,In Favor
Couple_177,In Favor,In Favor
Couple_178,In Favor,In Favor
Couple_179,In Favor,In Favor
Couple_180,In Favor,In Favor
Couple_181,In Favor,In Favor
Couple_182,In Favor,In Favor
Couple_183,In Favor,In Favor
Couple_184,In Favor,In Favor
Couple_185,In Favor,In Favor
Couple_186,In Favor,In Favor
Couple_187,In Favor,In Favor
Couple_188,In Favor,In Favor
Couple_189,In Favor,In Favor
Couple_190,In Favor,In Favor
Couple_191,In Favor,In Favor
Couple_192,In Favor,In Favor
Couple_193,In Favor,In Favor
Couple_194,In Favor,In Favor
Couple_195,In Favor,In Favor
Couple_196,In Favor,In Favor
Couple_197,In Favor,In Favor
Couple_198,In Favor,In Favor
Couple_199,In Favor,In Favor
Couple_200,In Favor,In Favor
Couple_201,In Favor,In Favor
Couple_202,In Favor,In Favor
Couple_203,In Favor,In Favor
Couple_204,In Favor,In Favor
Couple_205,In Favor,In Favor
Couple_206,In Favor,In Favor
Couple_207,In Favor,In Favor
Couple_208,In Favor,In Favor
Couple_209,In Favor,In Favor
Couple_210,In Favor,In Favor
Couple_211,In Favor,In Favor
Couple_212,In Favor,In Favor
Couple_213,In Favor,In Favor
Couple_214,In Favor,In Favor
Couple_215,In Favor,In Favor
Couple_216,In Favor,In Favor
Couple_217,In Favor,In Favor
Couple_218,In Favor,In Favor
Couple_219,In Favor,In Favor
Couple_220,In Favor,In Favor
Couple_221,In Favor,In Favor
Couple_222,In Favor,In Favor
Couple_223,In Favor,In Favor
Couple_224,In Favor,In Favor
Couple_225,In Favor,In Favor
Couple_226,In Favor,In Favor
Couple_227,In Favor,In Favor
Couple_228,In Favor,In Favor
Couple_229,In Favor,In Favor
Couple_230,In Favor,In Favor
Couple_231,In Favor,In Favor
Couple_232,In Favor,In Favor
Couple_233,In Favor,In Favor
Couple_234,In Favor,In Favor
Couple_235,In Favor,In Favor
Couple_236,In Favor,In Favor
Couple_237,In Favor,In Favor
Couple_238,In Favor,In Favor
Couple_239,In Favor,In Favor
Couple_240,In Favor,In Favor
Couple_241,In Favor,In Favor
Couple_242,In Favor,In Favor
Couple_243,In Favor,In Favor
Couple_244,In Favor,In Favor
Couple_245,In Favor,In Favor
Couple_246,In Favor,In Favor
Couple_247,In Favor,In Favor
Couple_248,In Favor,In Favor
Couple_249,In Favor,In Favor
Couple_250,In Favor,In Favor
Couple_251,In Favor,In Favor
Couple_252,In Favor,In Favor
Couple_253,In Favor,In Favor
Couple_254,In Favor,In Favor
Couple_255,In Favor,In Favor
Couple_256,In Favor,In Favor
Couple_257,In Favor,In Favor
Couple_258,In Favor,In Favor
Couple_259,In Favor,In Favor
Couple_260,In Favor,In Favor
Couple_261,In Favor,In Favor
Couple_262,In Favor,In Favor
Couple_263,In Favor,In Favor
Couple_264,In Favor,In Favor
Couple_265,In Favor,In Favor
Couple_266,In Favor,In Favor
Couple_267,In Favor,In Favor
Couple_268,In Favor,In Favor
Couple_269,In Favor,In Favor
Couple_270,In Favor,In Favor
Couple_271,In Favor,In Favor
Couple_272,In Favor,In Favor
Couple_273,In Favor,In Favor
Couple_274,In Favor,In Favor
Couple_275,In Favor,In Favor
Couple_276,In Favor,In Favor
Couple_277,In Favor,In Favor
Couple_278,In Favor,In Favor
Couple_279,In Favor,In Favor
Couple_280,In Favor,In Favor
Couple_281,In Favor,In Favor
Couple_282,In Favor,In Favor
Couple_283,In Favor,In Favor
Couple_284,In Favor,In Favor
Couple_285,In Favor,In Favor
Couple_286,In Favor,In Favor
Couple_287,In Favor,In Favor
Couple_288,In Favor,In Favor
Couple_289,In Favor,In Favor
Couple_290,In Favor,In Favor
Couple_291,In Favor,In Favor
Couple_292,In Favor,In Favor
Couple_293,In Favor,In Favor
Couple_294,In Favor,In Favor
Couple_295,In Favor,In Favor
Couple_296,In Favor,In Favor
Couple_297,In Favor,In Favor
Couple_298,In Favor,In Favor
Couple_299,In Favor,In Favor
Couple_300,In Favor,In Favor
Couple_301,In Favor,In Favor
Couple_302,In Favor,In Favor
Couple_303,In Favor,In Favor
Couple_304,In Favor,In Favor
Couple_305,In Favor,In Favor
Couple_306,In Favor,In Favor
Couple_307,In Favor,In Favor
Couple_308,In Favor,In Favor
Couple_309,In Favor,In Favor
Couple_310,In Favor,In Favor
Couple_311,In Favor,In Favor
Couple_312,In Favor,In Favor
Couple_313,In Favor,In Favor
Couple_314,In Favor,In Favor
Couple_315,In Favor,In Favor
Couple_316,In Favor,In Favor
Couple_317,In Favor,In Favor
Couple_318,In Favor,In Favor
Couple_319,In Favor,In Favor
Couple_320,In Favor,In Favor
Couple_321,In Favor,In Favor
Couple_322,In Favor,In Favor
Couple_323,In Favor,In Favor
Couple_324,In Favor,In Favor
Couple_325,In Favor,In Favor
Couple_326,In Favor,In Favor
Couple_327,In Favor,In Favor
Couple_328,In Favor,In Favor
Couple_329,In Favor,In Favor
Couple_330,In Favor,In Favor
Couple_331,In Favor,In Favor
Couple_332,In Favor,In Favor
Couple_333,In Favor,In Favor
Couple_334,In Favor,In Favor
Couple_335,In Favor,In Favor
Couple_336,In Favor,In Favor
Couple_337,In Favor,In Favor
Couple_338,In Favor,In Favor
Couple_339,In Favor,In Favor
Couple_340,In Favor,In Favor
Couple_341,In Favor,In Favor
Couple_342,In Favor,In Favor
Couple_343,In Favor,In Favor
Couple_344,In Favor,In Favor
Couple_345,In Favor,In Favor
Couple_346,In Favor,In Favor
Couple_347,In Favor,In Favor
Couple_348,In Favor,In Favor
Couple_349,In Favor,In Favor
Couple_350,In Favor,In Favor
Couple_351,In Favor,In Favor
Couple_352,In Favor,In Favor
Couple_353,In Favor,In Favor
Couple_354,In Favor,In Favor
Couple_355,In Favor,In Favor
Couple_356,In Favor,In Favor
Couple_357,In Favor,In Favor
Couple_358,In Favor,In Favor
Couple_359,In Favor,In Favor
Couple_360,In Favor,In Favor
Couple_361,In Favor,In Favor
Couple_362,In Favor,In Favor
Couple_363,In Favor,In Favor
Couple_364,In Favor,In Favor
Couple_365,In Favor,In Favor
Couple_366,In Favor,In Favor
Couple_367,In Favor,In Favor
Couple_368,In Favor,In Favor
Couple_369,In Favor,In Favor
Couple_370,In Favor,In Favor
Couple_371,In Favor,In Favor
Couple_372,In Favor,In Favor
Couple_373,In Favor,In Favor
Couple_374,In Favor,In Favor
Couple_375,In Favor,In Favor
Couple_376,In Favor,In Favor
Couple_377,In Favor,In Favor
Couple_378,In Favor,In Favor
Couple_379,In Favor,In Favor
Couple_380,In Favor,In Favor
Couple_381,In Favor,In Favor
Couple_382,In Favor,In Favor
Couple_383,In Favor,In Favor
Couple_384,In Favor,In Favor
Couple_385,In Favor,In Favor
Couple_386,In Favor,In Favor
Couple_387,In Favor,In Favor
Couple_388,In Favor,In Favor
Couple_389,In Favor,In Favor
Couple_390,In Favor,In Favor
Couple_391,In Favor,In Favor
Couple_392,In Favor,In Favor
Couple_393,In Favor,In Favor
Couple_394,In Favor,In Favor
Couple_395,In Favor,In Favor
Couple_396,In Favor,In Favor
Couple_397,In Favor,In Favor
Couple_398,In Favor,In Favor
Couple_399,In Favor,In Favor
Couple_400,In Favor,In Favor
Couple_401,In Favor,In Favor
Couple_402,In Favor,In Favor
Couple_403,In Favor,In Favor
Couple_404,In Favor,In Favor
Couple_405,In Favor,In Favor
Couple_406,In Favor,In Favor
Couple_407,In Favor,In Favor
Couple_408,In Favor,In Favor
Couple_409,In Favor,In Favor
Couple_410,In Favor,In Favor
Couple_411,In Favor,In Favor
Couple_412,In Favor,In Favor
Couple_413,In Favor,In Favor
Couple_414,In Favor,In Favor
Couple_415,In Favor,In Favor
Couple_416,In Favor,In Favor
Couple_417,In Favor,In Favor
Couple_418,In Favor,In Favor
Couple_419,In Favor,In Favor
Couple_420,In Favor,In Favor
Couple_421,In Favor,In Favor
Couple_422,In Favor,In Favor
Couple_423,In Favor,In Favor
Couple_424,In Favor,In Favor
Couple_425,In Favor,In Favor
Couple_426,In Favor,In Favor
Couple_427,In Favor,In Favor
Couple_428,In Favor,In Favor
Couple_429,In Favor,In Favor
Couple_430,In Favor,In Favor
Couple_431,In Favor,In Favor
Couple_432,In Favor,In Favor
Couple_433,In Favor,In Favor
Couple_434,In Favor,In Favor
Couple_435,In Favor,In Favor
Couple_436,In Favor,In Favor
Couple_437,In Favor,In Favor
Couple_438,In Favor,In Favor
Couple_439,In Favor,In Favor
Couple_440,In Favor,In Favor
Couple_441,In Favor,In Favor
Couple_442,In Favor,In Favor
Couple_443,In Favor,In Favor
Couple_444,In Favor,In Favor
Couple_445,In Favor,In Favor
Couple_446,In Favor,In Favor
Couple_447,In Favor,In Favor
Couple_448,In Favor,In Favor
Couple_449,In Favor,In Favor
Couple_450,In Favor,In Favor
Couple_451,In Favor,In Favor
Couple_452,In Favor,In Favor
Couple_453,In Favor,In Favor
Couple_454,In Favor,In Favor
Couple_455,In Favor,In Favor
Couple_456,In Favor,In Favor
Couple_457,In Favor,In Favor
Couple_458,In Favor,In Favor
Couple_459,In Favor,In Favor
Couple_460,In Favor,In Favor
Couple_461,In Favor,In Favor
Couple_462,In Favor,In Favor
Couple_463,In Favor,In Favor
Couple_464,In Favor,In Favor
Couple_465,In Favor,In Favor
Couple_466,In Favor,In Favor
Couple_467,In Favor,In Favor
Couple_468,In Favor,In Favor
Couple_469,In Favor,In Favor
Couple_470,In Favor,In Favor
Couple_471,In Favor,In Favor
Couple_472,In Favor,In Favor
Couple_473,In Favor,In Favor
Couple_474,In Favor,In Favor
Couple_475,In Favor,In Favor
Couple_476,In Favor,In Favor
Couple_477,In Favor,In Favor
Couple_478,In Favor,In Favor
Couple_479,In Favor,In Favor
Couple_480,In Favor,In Favor
Couple_481,In Favor,In Favor
Couple_482,In Favor,In Favor
Couple_483,In Favor,In Favor
Couple_484,In Favor,In Favor
Couple_485,In Favor,In Favor
Couple_486,In Favor,In Favor
Couple_487,In Favor,In Favor
Couple_488,In Favor,In Favor
Couple_489,In Favor,In Favor
Couple_490,In Favor,In Favor
Couple_491,In Favor,In Favor
Couple_492,In Favor,In Favor
Couple_493,In Favor,In Favor
Couple_494,In Favor,In Favor
Couple_495,In Favor,In Favor
Couple_496,In Favor,In Favor
Couple_497,In Favor,In Favor
Couple_498,In Favor,In Favor
Couple_499,In Favor,In Favor
Couple_500,In Favor,In Favor
Couple_501,In Favor,In Favor
Couple_502,In Favor,In Favor
Couple_503,In Favor,In Favor
Couple_504,In Favor,In Favor
Couple_505,In Favor,In Favor
Couple_506,In Favor,In Favor
Couple_507,In Favor,In Favor
Couple_508,In Favor,In Favor
Couple_509,In Favor,In Favor
Couple_510,In Favor,In Favor
Couple_511,In Favor,In Favor
Couple_512,In Favor,In Favor
Couple_513,In Favor,In Favor
Couple_514,In Favor,In Favor
Couple_515,In Favor,In Favor
Couple_516,In Favor,In Favor
Couple_517,In Favor,In Favor
Couple_518,In Favor,In Favor
Couple_519,In Favor,In Favor
Couple_520,In Favor,In Favor
Couple_521,In Favor,In Favor
Couple_522,In Favor,In Favor
Couple_523,In Favor,In Favor
Couple_524,In Favor,In Favor
Couple_525,In Favor,In Favor
Couple_526,In Favor,In Favor
Couple_527,In Favor,In Favor
Couple_528,In Favor,In Favor
Couple_529,In Favor,In Favor
Couple_530,In Favor,In Favor
Couple_531,In Favor,In Favor
Couple_532,In Favor,In Favor
Couple_533,In Favor,In Favor
Couple_534,In Favor,In Favor
Couple_535,In Favor,In Favor
Couple_536,In Favor,In Favor
Couple_537,In Favor,In Favor
Couple_538,In Favor,In Favor
Couple_539,In Favor,In Favor
Couple_540,In Favor,In Favor
Couple_541,In Favor,In Favor
Couple_542,In Favor,In Favor
Couple_543,In Favor,In Favor
Couple_544,In Favor,In Favor
Couple_545,In Favor,In Favor
Couple_546,In Favor,In Favor
Couple_547,In Favor,In Favor
Couple_548,In Favor,In Favor
Couple_549,In Favor,In Favor
Couple_550,In Favor,In Favor
Couple_551,In Favor,In Favor
Couple_552,In Favor,In Favor
Couple_553,In Favor,In Favor
Couple_554,In Favor,In Favor
Couple_555,In Favor,In Favor
Couple_556,In Favor,In Favor
Couple_557,In Favor,In Favor
Couple_558,In Favor,In Favor
Couple_559,In Favor,In Favor
Couple_560,In Favor,In Favor
Couple_561,In Favor,In Favor
Couple_562,In Favor,In Favor
Couple_563,In Favor,In Favor
Couple_564,In Favor,In Favor
Couple_565,In Favor,In Favor
Couple_566,In Favor,In Favor
Couple_567,In Favor,In Favor
Couple_568,In Favor,In Favor
Couple_569,In Favor,In Favor
Couple_570,In Favor,In Favor
Couple_571,In Favor,In Favor
Couple_572,In Favor,In Favor
Couple_573,In Favor,In Favor
Couple_574,In Favor,In Favor
Couple_575,In Favor,In Favor
Couple_576,In Favor,In Favor
Couple_577,In Favor,In Favor
Couple_578,In Favor,In Favor
Couple_579,In Favor,In Favor
Couple_580,In Favor,In Favor
Couple_581,In Favor,In Favor
Couple_582,In Favor,In Favor
Couple_583,In Favor,In Favor
Couple_584,In Favor,In Favor
Couple_585,In Favor,In Favor
Couple_586,In Favor,In Favor
Couple_587,In Favor,In Favor
Couple_588,In Favor,In Favor
Couple_589,In Favor,In Favor
Couple_590,In Favor,In Favor
Couple_591,In Favor,In Favor
Couple_592,In Favor,In Favor
Couple_593,In Favor,In Favor
Couple_594,In Favor,In Favor
Couple_595,In Favor,In Favor
Couple_596,In Favor,In Favor
Couple_597,In Favor,In Favor
Couple_598,In Favor,In Favor
Couple_599,In Favor,In Favor
Couple_600,In Favor,In Favor
Couple_601,In Favor,In Favor
Couple_602,In Favor,In Favor
Couple_603,In Favor,In Favor
Couple_604,In Favor,In Favor
Couple_605,In Favor,In Favor
Couple_606,In Favor,In Favor
Couple_607,In Favor,In Favor
Couple_608,In Favor,In Favor
Couple_609,In Favor,In Favor
Couple_610,In Favor,In Favor
Couple_611,In Favor,In Favor
Couple_612,In Favor,In Favor
Couple_613,In Favor,In Favor
Couple_614,In Favor,In Favor
Couple_615,In Favor,In Favor
Couple_616,In Favor,In Favor
Couple_617,In Favor,In Favor
Couple_618,In Favor,In Favor
Couple_619,In Favor,In Favor
Couple_620,In Favor,In Favor
Couple_621,In Favor,In Favor
Couple_622,In Favor,In Favor
Couple_623,In Favor,In Favor
Couple_624,In Favor,In Favor
Couple_625,In Favor,In Favor
Couple_626,In Favor,In Favor
Couple_627,In Favor,In Favor
Couple_628,In Favor,In Favor
Couple_629,In Favor,In Favor
Couple_630,In Favor,In Favor
Couple_631,In Favor,In Favor
Couple_632,In Favor,In Favor
Couple_633,Against,In Favor
Couple_634,Against,In Favor
Couple_635,Against,In Favor
Couple_636,Against,In Favor
Couple_637,Against,In Favor
Couple_638,Against,In Favor
Couple_639,Against,In Favor
Couple_640,Against,In Favor
Couple_641,Against,In Favor
Couple_642,Against,In Favor
Couple_643,Against,In Favor
Couple_644,Against,In Favor
Couple_645,Against,In Favor
Couple_646,Against,In Favor
Couple_647,Against,In Favor
Couple_648,Against,In Favor
Couple_649,Against,In Favor
Couple_650,Against,In Favor
Couple_651,Against,In Favor
Couple_652,Against,In Favor
Couple_653,Against,In Favor
Couple_654,Against,In Favor
Couple_655,Against,In Favor
Couple_656,Against,In Favor
Couple_657,Against,In Favor
Couple_658,Against,In Favor
Couple_659,Against,In Favor
Couple_660,Against,In Favor
Couple_661,Against,In Favor
Couple_662,Against,In Favor
Couple_663,Against,In Favor
Couple_664,Against,In Favor
Couple_665,Against,In Favor
Couple_666,Against,In Favor
Couple_667,Against,In Favor
Couple_668,Against,In Favor
Couple_669,Against,In Favor
Couple_670,Against,In Favor
Couple_671,Against,In Favor
Couple_672,Against,In Favor
Couple_673,Against,In Favor
Couple_674,Against,In Favor
Couple_675,Against,In Favor
Couple_676,Against,In Favor
Couple_677,Against,In Favor
Couple_678,Against,In Favor
Couple_679,Against,In Favor
Couple_680,Against,In Favor
Couple_681,Against,In Favor
Couple_682,Against,In Favor
Couple_683,Against,In Favor
Couple_684,Against,In Favor
Couple_685,Against,In Favor
Couple_686,Against,In Favor
Couple_687,Against,In Favor
Couple_688,Against,In Favor
Couple_689,Against,In Favor
Couple_690,Against,In Favor
Couple_691,Against,In Favor
Couple_692,Against,In Favor
Couple_693,Against,In Favor
Couple_694,Against,In Favor
Couple_695,Against,In Favor
Couple_696,Against,In Favor
Couple_697,Against,In Favor
Couple_698,Against,In Favor
Couple_699,Against,In Favor
Couple_700,Against,In Favor
Couple_701,Against,In Favor
Couple_702,Against,In Favor
Couple_703,Against,In Favor
Couple_704,Against,In Favor
Couple_705,Against,In Favor
Couple_706,Against,In Favor
Couple_707,Against,In Favor
Couple_708,Against,In Favor
Couple_709,Against,In Favor
Couple_710,Against,In Favor
Couple_711,Against,In Favor
Couple_712,Against,In Favor
Couple_713,Against,In Favor
Couple_714,Against,In Favor
Couple_715,Against,In Favor
Couple_716,Against,In Favor
Couple_717,Against,In Favor
Couple_718,Against,In Favor
Couple_719,Against,In Favor
Couple_720,Against,In Favor
Couple_721,Against,In Favor
Couple_722,Against,In Favor
Couple_723,Against,In Favor
Couple_724,Against,In Favor
Couple_725,Against,In Favor
Couple_726,Against,In Favor
Couple_727,Against,In Favor
Couple_728,Against,In Favor
Couple_729,Against,In Favor
Couple_730,Against,In Favor
Couple_731,Against,In Favor
Couple_732,Against,In Favor
Couple_733,Against,In Favor
Couple_734,Against,In Favor
Couple_735,Against,In Favor
Couple_736,Against,In Favor
Couple_737,Against,In Favor
Couple_738,Against,In Favor
Couple_739,Against,In Favor
Couple_740,Against,In Favor
Couple_741,Against,In Favor
Couple_742,Against,In Favor
Couple_743,Against,In Favor
Couple_744,Against,In Favor
Couple_745,Against,In Favor
Couple_746,Against,In Favor
Couple_747,Against,In Favor
Couple_748,Against,Against
Couple_749,Against,Against
Couple_750,Against,Against
Couple_751,Against,Against
Couple_752,Against,Against
Couple_753,Against,Against
Couple_754,Against,Against
Couple_755,Against,Against
Couple_756,Against,Against
Couple_757,Against,Against
Couple_758,Against,Against
Couple_759,Against,Against
Couple_760,Against,Against
Couple_761,Against,Against
Couple_762,Against,Against
Couple_763,Against,Against
Couple_764,Against,Against
Couple_765,Against,Against
Couple_766,Against,Against
Couple_767,Against,Against
Couple_768,Against,Against
Couple_769,Against,Against
Couple_770,Against,Against
Couple_771,Against,Against
Couple_772,Against,Against
Couple_773,Against,Against
Couple_774,Against,Against
Couple_775,Against,Against
Couple_776,Against,Against
Couple_777,Against,Against
Couple_778,Against,Against
Couple_779,Against,Against
Couple_780,Against,Against
Couple_781,Against,Against
Couple_782,Against,Against
Couple_783,Against,Against
Couple_784,Against,Against
Couple_785,Against,Against
Couple_786,Against,Against
Couple_787,Against,Against
Couple_788,Against,Against
Couple_789,Against,Against
Couple_790,Against,Against
Couple_791,Against,Against
Couple_792,Against,Against
Couple_793,Against,Against
Couple_794,Against,Against
Couple_795,Against,Against
Couple_796,Against,Against
Couple_797,Against,Against
Couple_798,Against,Against
Couple_799,Against,Against
Couple_800,Against,Against
Couple_801,Against,Against
Couple_802,Against,Against
Couple_803,Against,Against
Couple_804,Against,Against
Couple_805,Against,Against
Couple_806,Against,Against
Couple_807,Against,Against
Couple_808,Against,Against
Couple_809,Against,Against
Couple_810,Against,Against
Couple_811,Against,Against
Couple_812,Against,Against
Couple_813,In Favor,Against
Couple_814,In Favor,Against
Couple_815,In Favor,Against
Couple_816,In Favor,Against
Couple_817,In Favor,Against
Couple_818,In Favor,Against
Couple_819,In Favor,Against
Couple_820,In Favor,Against
Couple_821,In Favor,Against
Couple_822,In Favor,Against
Couple_823,In Favor,Against
Couple_824,In Favor,Against
Couple_825,In Favor,Against
Couple_826,In Favor,Against
Couple_827,In Favor,Against
Couple_828,In Favor,Against
Couple_829,In Favor,Against
Couple_830,In Favor,Against
Couple_831,In Favor,Against
Couple_832,In Favor,Against
Couple_833,In Favor,Against
Couple_834,In Favor,Against
Couple_835,In Favor,Against
Couple_836,In Favor,Against
Couple_837,In Favor,Against
Couple_838,In Favor,Against
Couple_839,In Favor,Against
Couple_840,In Favor,Against
Couple_841,In Favor,Against
Couple_842,In Favor,Against
Couple_843,In Favor,Against
Couple_844,In Favor,Against
Couple_845,In Favor,Against
Couple_846,In Favor,Against
Couple_847,In Favor,Against
Couple_848,In Favor,Against
Couple_849,In Favor,Against
Couple_850,In Favor,Against
Couple_851,In Favor,Against
Couple_852,In Favor,Against
Couple_853,In Favor,Against
Couple_854,In Favor,Against
Couple_855,In Favor,Against
Couple_856,In Favor,Against
Couple_857,In Favor,Against
Couple_858,In Favor,Against
Couple_859,In Favor,Against
Couple_860,In Favor,Against
Couple_861,In Favor,Against
Couple_862,In Favor,Against
Couple_863,In Favor,Against
Couple_864,In Favor,Against
Couple_865,In Favor,Against
Couple_866,In Favor,Against
Couple_867,In Favor,Against
Couple_868,In Favor,Against
Couple_869,In Favor,Against
Couple_870,In Favor,Against
Couple_871,In Favor,Against
Couple_872,In Favor,Against
Couple_873,In Favor,Against
Couple_874,In Favor,Against
Couple_875,In Favor,Against
Couple_876,In Favor,Against
Couple_877,In Favor,Against
Couple_878,In Favor,Against
Couple_879,In Favor,Against
Couple_880,In Favor,Against
Couple_881,In Favor,Against
Couple_882,In Favor,Against
Couple_883,In Favor,Against
Couple_884,In Favor,Against
Couple_885,In Favor,Against
Couple_886,Against,Against
Couple_887,Against,Against
Couple_888,Against,Against
Couple_889,Against,Against
Couple_890,Against,Against
Couple_891,Against,Against
Couple_892,Against,Against
Couple_893,Against,Against
Couple_894,Against,Against
Couple_895,Against,Against
Couple_896,Against,Against
Couple_897,Against,Against
Couple_898,Against,Against
Couple_899,Against,Against
Couple_900,Against,Against
Couple_901,Against,Against
Couple_902,Against,Against
Couple_903,Against,Against
Couple_904,Against,Against
Couple_905,Against,Against
Couple_906,Against,Against
Couple_907,Against,Against
Couple_908,Against,Against
Couple_909,Against,Against
Couple_910,Against,Against
Couple_911,Against,Against
Couple_912,Against,Against
Couple_913,Against,Against
Couple_914,Against,Against
Couple_915,Against,Against
Couple_916,Against,Against
Couple_917,Against,Against
Couple_918,Against,Against
Couple_919,Against,Against
Couple_920,Against,Against
Couple_921,Against,Against
Couple_922,Against,Against
Couple_923,Against,Against
Couple_924,Against,Against
Couple_925,Against,Against
Couple_926,Against,Against
Couple_927,Against,Against
Couple_928,Against,Against
Couple_929,Against,Against
Couple_930,Against,Against
Couple_931,Against,Against
Couple_932,Against,Against
Couple_933,Against,Against
Couple_934,Against,Against
Couple_935,Against,Against
Couple_936,Against,Against
Couple_937,Against,Against
Couple_938,Against,Against
Couple_939,Against,Against
Couple_940,Against,Against
Couple_941,Against,Against
Couple_942,Against,Against
Couple_943,Against,Against
Couple_944,Against,Against
Couple_945,Against,Against
Couple_946,Against,Against
Couple_947,Against,Against
Couple_948,Against,Against
Couple_949,Against,Against
Couple_950,Against,Against
Couple_951,Against,Against
Couple_952,Against,Against
Couple_953,Against,Against
Couple_954,Against,Against
Couple_955,Against,Against
Couple_956,Against,Against
Couple_957,Against,Against
Couple_958,Against,Against
Couple_959,Against,Against
Couple_960,Against,Against
Couple_961,Against,Against
Couple_962,Against,Against
Couple_963,Against,Against
Couple_964,Against,Against
Couple_965,Against,Against
Couple_966,Against,Against
Couple_967,Against,Against
Couple_968,Against,Against
Couple_969,Against,Against
Couple_970,Against,Against
Couple_971,Against,Against
Couple_972,Against,Against
Couple_973,Against,Against
Couple_974,Against,Against
Couple_975,Against,Against
Couple_976,Against,Against
Couple_977,Against,Against
Couple_978,Against,Against
Couple_979,Against,Against
Couple_980,Against,Against
Couple_981,Against,Against
Couple_982,Against,Against
Couple_983,Against,Against
Couple_984,Against,Against
Couple_985,Against,Against
Couple_986,Against,Against
Couple_987,Against,Against
Couple_988,Against,Against
Couple_989,Against,Against
Couple_990,Against,Against
Couple_991,Against,Against
Couple_992,Against,Against
Couple_993,Against,Against
Couple_994,Against,Against
Couple_995,Against,Against
Couple_996,Against,Against
Couple_997,Against,Against
Couple_998,Against,Against
Couple_999,Against,Against
Couple_1000,Against,Against
